order_id,customer_id,order_date,country,city,category_main,items_html,total_amount,payment_status,shipping_days,coupon_used,customer_age,rating,is_returned
1001,5506,2025-11-01 11:15:00,Israel,Tel Aviv,Fashion,iPhone 14 Silicone Case Screen Protector,1023.13,Refunded,2,coupon_used,20,3.5,True
1002,1434,2025-11-02 16:15:00,USA,Chicago,Sports,Nike Shoes Running Socks,687.58,Pending,1,coupon_usedBcoupon_usedLcoupon_usedAcoupon_usedCcoupon_usedKcoupon_usedFcoupon_usedRcoupon_usedIcoupon_usedDcoupon_usedAcoupon_usedYcoupon_used,62,4.5,False
1003,6514,2025-11-03 09:05:00,USA,New York,Sports,iPhone 14 Silicone Case Screen Protector,554.49,Pending,10,coupon_usedScoupon_usedUcoupon_usedMcoupon_usedMcoupon_usedEcoupon_usedRcoupon_used1coupon_used5coupon_used,69,3.5,False
1004,2291,2025-11-04 16:25:00,Israel,Jerusalem,Home,Nike Shoes Running Socks,1064.24,Paid,4,coupon_usedScoupon_usedUcoupon_usedMcoupon_usedMcoupon_usedEcoupon_usedRcoupon_used1coupon_used5coupon_used,23,4.0,False
1005,8428,2025-11-05 18:25:00,France,Lyon,Fashion,AirPods Pro Charging Cable,549.02,Refunded,5,coupon_usedWcoupon_usedEcoupon_usedLcoupon_usedCcoupon_usedOcoupon_usedMcoupon_usedEcoupon_used1coupon_used0coupon_used,56,4.0,False
1006,8573,2025-11-06 14:25:00,USA,New York,Fashion,AirPods Pro Charging Cable,1268.21,Paid,4,coupon_usedWcoupon_usedEcoupon_usedLcoupon_usedCcoupon_usedOcoupon_usedMcoupon_usedEcoupon_used1coupon_used0coupon_used,69,4.3,False
1007,6155,2025-11-07 11:35:00,Israel,Tel Aviv,Sports,Blender Recipe Book,235.74,Paid,4,coupon_usedScoupon_usedUcoupon_usedMcoupon_usedMcoupon_usedEcoupon_usedRcoupon_used1coupon_used5coupon_used,65,5.0,False
1008,4593,2025-11-08 10:45:00,France,Lyon,Sports,iPhone 14 Silicone Case Screen Protector,1139.78,Paid,3,coupon_usedBcoupon_usedLcoupon_usedAcoupon_usedCcoupon_usedKcoupon_usedFcoupon_usedRcoupon_usedIcoupon_usedDcoupon_usedAcoupon_usedYcoupon_used,68,4.5,False
1009,8668,2025-11-09 16:25:00,France,Lyon,Electronics,iPhone 14 Silicone Case Screen Protector,1030.52,Refunded,5,coupon_usedScoupon_usedUcoupon_usedMcoupon_usedMcoupon_usedEcoupon_usedRcoupon_used1coupon_used5coupon_used,25,4.3,False
1010,5315,2025-11-10 16:15:00,France,Paris,Electronics,AirPods Pro Charging Cable,1266.46,Refunded,10,coupon_usedBcoupon_usedLcoupon_usedAcoupon_usedCcoupon_usedKcoupon_usedFcoupon_usedRcoupon_usedIcoupon_usedDcoupon_usedAcoupon_usedYcoupon_used,27,4.3,False
1011,6310,2025-11-11 15:05:00,Israel,Haifa,Electronics,AirPods Pro Charging Cable,1321.11,Pending,4,coupon_usedWcoupon_usedEcoupon_usedLcoupon_usedCcoupon_usedOcoupon_usedMcoupon_usedEcoupon_used1coupon_used0coupon_used,33,5.0,False
1012,8962,2025-11-12 09:45:00,Israel,Haifa,Fashion,Nike Shoes Running Socks,998.13,Refunded,3,coupon_usedScoupon_usedUcoupon_usedMcoupon_usedMcoupon_usedEcoupon_usedRcoupon_used1coupon_used5coupon_used,51,5.0,False
1013,4295,2025-11-13 19:25:00,USA,Chicago,Sports,AirPods Pro Charging Cable,671.2,Refunded,8,coupon_usedWcoupon_usedEcoupon_usedLcoupon_usedCcoupon_usedOcoupon_usedMcoupon_usedEcoupon_used1coupon_used0coupon_used,33,4.0,True
1014,4770,2025-11-14 17:15:00,Israel,Haifa,Electronics,iPhone 14 Silicone Case Screen Protector,1069.07,Paid,4,coupon_usedWcoupon_usedEcoupon_usedLcoupon_usedCcoupon_usedOcoupon_usedMcoupon_usedEcoupon_used1coupon_used0coupon_used,20,4.3,True
1015,8953,2025-11-15 11:45:00,USA,San Francisco,Fashion,Blender Recipe Book,383.42,Pending,7,coupon_usedBcoupon_usedLcoupon_usedAcoupon_usedCcoupon_usedKcoupon_usedFcoupon_usedRcoupon_usedIcoupon_usedDcoupon_usedAcoupon_usedYcoupon_used,24,3.5,False
1016,7735,2025-11-16 15:05:00,Germany,Munich,Electronics,iPhone 14 Silicone Case Screen Protector,618.87,Pending,2,coupon_usedBcoupon_usedLcoupon_usedAcoupon_usedCcoupon_usedKcoupon_usedFcoupon_usedRcoupon_usedIcoupon_usedDcoupon_usedAcoupon_usedYcoupon_used,30,4.0,False
1017,4006,2025-11-17 12:35:00,USA,San Francisco,Fashion,iPhone 14 Silicone Case Screen Protector,678.62,Refunded,2,coupon_usedWcoupon_usedEcoupon_usedLcoupon_usedCcoupon_usedOcoupon_usedMcoupon_usedEcoupon_used1coupon_used0coupon_used,59,5.0,False
1018,3724,2025-11-18 14:35:00,Israel,Tel Aviv,Sports,Nike Shoes Running Socks,1300.36,Paid,3,coupon_used,18,4.5,False
1019,7930,2025-11-19 19:45:00,France,Lyon,Sports,Nike Shoes Running Socks,305.1,Paid,1,coupon_usedWcoupon_usedEcoupon_usedLcoupon_usedCcoupon_usedOcoupon_usedMcoupon_usedEcoupon_used1coupon_used0coupon_used,65,4.3,True
1020,9701,2025-11-20 10:05:00,France,Marseille,Electronics,Nike Shoes Running Socks,126.07,Paid,4,coupon_used,25,5.0,False
1021,2343,2025-11-21 14:45:00,Israel,Haifa,Home,AirPods Pro Charging Cable,326.28,Refunded,6,coupon_usedBcoupon_usedLcoupon_usedAcoupon_usedCcoupon_usedKcoupon_usedFcoupon_usedRcoupon_usedIcoupon_usedDcoupon_usedAcoupon_usedYcoupon_used,34,4.5,False
1022,6180,2025-11-22 20:05:00,Germany,Munich,Electronics,Blender Recipe Book,941.21,Refunded,2,coupon_usedWcoupon_usedEcoupon_usedLcoupon_usedCcoupon_usedOcoupon_usedMcoupon_usedEcoupon_used1coupon_used0coupon_used,52,4.0,False
1023,2127,2025-11-23 11:25:00,USA,San Francisco,Home,Nike Shoes Running Socks,671.32,Refunded,5,coupon_usedWcoupon_usedEcoupon_usedLcoupon_usedCcoupon_usedOcoupon_usedMcoupon_usedEcoupon_used1coupon_used0coupon_used,60,5.0,False
1024,5333,2025-11-24 09:05:00,Israel,Tel Aviv,Fashion,AirPods Pro Charging Cable,440.59,Paid,6,coupon_usedBcoupon_usedLcoupon_usedAcoupon_usedCcoupon_usedKcoupon_usedFcoupon_usedRcoupon_usedIcoupon_usedDcoupon_usedAcoupon_usedYcoupon_used,61,4.3,False
1025,2512,2025-11-25 18:35:00,Germany,Berlin,Home,iPhone 14 Silicone Case Screen Protector,30.23,Paid,5,coupon_usedBcoupon_usedLcoupon_usedAcoupon_usedCcoupon_usedKcoupon_usedFcoupon_usedRcoupon_usedIcoupon_usedDcoupon_usedAcoupon_usedYcoupon_used,65,4.5,False
1026,1158,2025-11-26 09:05:00,France,Marseille,Fashion,iPhone 14 Silicone Case Screen Protector,1256.03,Refunded,9,coupon_usedBcoupon_usedLcoupon_usedAcoupon_usedCcoupon_usedKcoupon_usedFcoupon_usedRcoupon_usedIcoupon_usedDcoupon_usedAcoupon_usedYcoupon_used,45,4.0,True
1027,6862,2025-11-27 11:15:00,Germany,Berlin,Electronics,AirPods Pro Charging Cable,1175.67,Pending,10,coupon_usedBcoupon_usedLcoupon_usedAcoupon_usedCcoupon_usedKcoupon_usedFcoupon_usedRcoupon_usedIcoupon_usedDcoupon_usedAcoupon_usedYcoupon_used,33,4.0,False
1028,1406,2025-11-28 10:25:00,USA,San Francisco,Sports,Nike Shoes Running Socks,418.54,Refunded,2,coupon_used,20,4.5,False
1029,6000,2025-11-01 20:15:00,France,Lyon,Fashion,iPhone 14 Silicone Case Screen Protector,998.55,Pending,6,coupon_usedScoupon_usedUcoupon_usedMcoupon_usedMcoupon_usedEcoupon_usedRcoupon_used1coupon_used5coupon_used,22,4.3,False
1030,9785,2025-11-02 13:05:00,France,Marseille,Electronics,AirPods Pro Charging Cable,288.39,Pending,1,coupon_usedWcoupon_usedEcoupon_usedLcoupon_usedCcoupon_usedOcoupon_usedMcoupon_usedEcoupon_used1coupon_used0coupon_used,56,4.5,False
1031,9379,2025-11-03 09:35:00,Germany,Munich,Fashion,AirPods Pro Charging Cable,90.47,Pending,1,coupon_usedBcoupon_usedLcoupon_usedAcoupon_usedCcoupon_usedKcoupon_usedFcoupon_usedRcoupon_usedIcoupon_usedDcoupon_usedAcoupon_usedYcoupon_used,41,4.5,True
1032,6143,2025-11-04 18:05:00,Germany,Hamburg,Home,AirPods Pro Charging Cable,1008.67,Pending,7,coupon_usedScoupon_usedUcoupon_usedMcoupon_usedMcoupon_usedEcoupon_usedRcoupon_used1coupon_used5coupon_used,53,4.0,False
1033,3851,2025-11-05 17:45:00,France,Marseille,Home,Blender Recipe Book,833.21,Paid,5,coupon_usedScoupon_usedUcoupon_usedMcoupon_usedMcoupon_usedEcoupon_usedRcoupon_used1coupon_used5coupon_used,31,4.5,False
1034,8238,2025-11-06 15:15:00,Germany,Munich,Sports,Nike Shoes Running Socks,996.8,Pending,9,coupon_usedScoupon_usedUcoupon_usedMcoupon_usedMcoupon_usedEcoupon_usedRcoupon_used1coupon_used5coupon_used,23,4.0,False
1035,3414,2025-11-07 08:05:00,USA,New York,Fashion,Blender Recipe Book,926.63,Paid,8,coupon_used,58,5.0,False
1036,7547,2025-11-08 11:15:00,France,Lyon,Electronics,iPhone 14 Silicone Case Screen Protector,1173.17,Paid,3,coupon_used,21,5.0,False
1037,3184,2025-11-09 20:35:00,Israel,Jerusalem,Home,Blender Recipe Book,928.66,Refunded,9,coupon_used,53,4.5,False
1038,5246,2025-11-10 20:15:00,France,Lyon,Home,Blender Recipe Book,949.45,Pending,8,coupon_usedWcoupon_usedEcoupon_usedLcoupon_usedCcoupon_usedOcoupon_usedMcoupon_usedEcoupon_used1coupon_used0coupon_used,63,4.3,False
1039,9849,2025-11-11 09:15:00,Germany,Munich,Fashion,Nike Shoes Running Socks,589.98,Paid,4,coupon_usedWcoupon_usedEcoupon_usedLcoupon_usedCcoupon_usedOcoupon_usedMcoupon_usedEcoupon_used1coupon_used0coupon_used,44,4.5,False
1040,2020,2025-11-12 11:35:00,France,Lyon,Sports,iPhone 14 Silicone Case Screen Protector,1288.68,Refunded,7,coupon_used,18,4.3,False
1041,9818,2025-11-13 19:45:00,France,Lyon,Fashion,Blender Recipe Book,348.65,Pending,8,coupon_usedWcoupon_usedEcoupon_usedLcoupon_usedCcoupon_usedOcoupon_usedMcoupon_usedEcoupon_used1coupon_used0coupon_used,42,4.3,False
1042,3704,2025-11-14 15:15:00,France,Marseille,Electronics,Blender Recipe Book,898.04,Refunded,1,coupon_usedWcoupon_usedEcoupon_usedLcoupon_usedCcoupon_usedOcoupon_usedMcoupon_usedEcoupon_used1coupon_used0coupon_used,59,4.5,False
1043,1823,2025-11-15 12:35:00,France,Paris,Home,Nike Shoes Running Socks,695.68,Pending,7,coupon_usedScoupon_usedUcoupon_usedMcoupon_usedMcoupon_usedEcoupon_usedRcoupon_used1coupon_used5coupon_used,66,4.5,False
1044,1317,2025-11-16 19:45:00,Israel,Jerusalem,Electronics,AirPods Pro Charging Cable,355.73,Paid,1,coupon_usedWcoupon_usedEcoupon_usedLcoupon_usedCcoupon_usedOcoupon_usedMcoupon_usedEcoupon_used1coupon_used0coupon_used,33,4.0,False
1045,3068,2025-11-17 15:05:00,USA,New York,Fashion,Blender Recipe Book,1056.71,Pending,3,coupon_usedWcoupon_usedEcoupon_usedLcoupon_usedCcoupon_usedOcoupon_usedMcoupon_usedEcoupon_used1coupon_used0coupon_used,67,4.0,False
1046,1420,2025-11-18 12:45:00,Israel,Haifa,Sports,Blender Recipe Book,1413.67,Paid,2,coupon_usedBcoupon_usedLcoupon_usedAcoupon_usedCcoupon_usedKcoupon_usedFcoupon_usedRcoupon_usedIcoupon_usedDcoupon_usedAcoupon_usedYcoupon_used,24,4.3,False
1047,1672,2025-11-19 13:45:00,Israel,Haifa,Sports,AirPods Pro Charging Cable,126.71,Refunded,6,coupon_usedWcoupon_usedEcoupon_usedLcoupon_usedCcoupon_usedOcoupon_usedMcoupon_usedEcoupon_used1coupon_used0coupon_used,44,4.5,True
1048,8532,2025-11-20 19:15:00,Germany,Hamburg,Sports,Nike Shoes Running Socks,1107.35,Refunded,5,coupon_used,47,4.5,False
1049,5022,2025-11-21 09:25:00,Germany,Munich,Sports,Nike Shoes Running Socks,1131.95,Refunded,10,coupon_used,39,3.5,False
1050,8988,2025-11-22 11:25:00,Germany,Berlin,Home,AirPods Pro Charging Cable,437.5,Refunded,5,coupon_usedWcoupon_usedEcoupon_usedLcoupon_usedCcoupon_usedOcoupon_usedMcoupon_usedEcoupon_used1coupon_used0coupon_used,51,4.0,True
1051,4937,2025-11-23 19:35:00,France,Lyon,Sports,Blender Recipe Book,1194.58,Paid,5,coupon_usedBcoupon_usedLcoupon_usedAcoupon_usedCcoupon_usedKcoupon_usedFcoupon_usedRcoupon_usedIcoupon_usedDcoupon_usedAcoupon_usedYcoupon_used,43,4.0,False
1052,9698,2025-11-24 13:35:00,Germany,Munich,Home,AirPods Pro Charging Cable,1061.71,Pending,5,coupon_usedScoupon_usedUcoupon_usedMcoupon_usedMcoupon_usedEcoupon_usedRcoupon_used1coupon_used5coupon_used,32,3.5,False
1053,9779,2025-11-25 20:15:00,Germany,Berlin,Fashion,Nike Shoes Running Socks,1114.44,Pending,10,coupon_usedScoupon_usedUcoupon_usedMcoupon_usedMcoupon_usedEcoupon_usedRcoupon_used1coupon_used5coupon_used,24,4.0,False
1054,5952,2025-11-26 08:45:00,Germany,Berlin,Fashion,AirPods Pro Charging Cable,92.14,Paid,9,coupon_usedScoupon_usedUcoupon_usedMcoupon_usedMcoupon_usedEcoupon_usedRcoupon_used1coupon_used5coupon_used,62,4.0,False
1055,1200,2025-11-27 17:25:00,France,Paris,Sports,Blender Recipe Book,674.69,Paid,1,coupon_usedScoupon_usedUcoupon_usedMcoupon_usedMcoupon_usedEcoupon_usedRcoupon_used1coupon_used5coupon_used,48,3.5,False
1056,2213,2025-11-28 17:05:00,France,Lyon,Fashion,Nike Shoes Running Socks,1221.43,Pending,2,coupon_usedBcoupon_usedLcoupon_usedAcoupon_usedCcoupon_usedKcoupon_usedFcoupon_usedRcoupon_usedIcoupon_usedDcoupon_usedAcoupon_usedYcoupon_used,25,5.0,False
1057,7232,2025-11-01 15:35:00,USA,Chicago,Home,Blender Recipe Book,475.44,Refunded,1,coupon_usedWcoupon_usedEcoupon_usedLcoupon_usedCcoupon_usedOcoupon_usedMcoupon_usedEcoupon_used1coupon_used0coupon_used,66,4.0,False
1058,2330,2025-11-02 10:15:00,Germany,Hamburg,Fashion,iPhone 14 Silicone Case Screen Protector,255.89,Pending,8,coupon_used,36,3.5,False
1059,8438,2025-11-03 09:15:00,Germany,Hamburg,Home,Nike Shoes Running Socks,652.08,Refunded,4,coupon_usedBcoupon_usedLcoupon_usedAcoupon_usedCcoupon_usedKcoupon_usedFcoupon_usedRcoupon_usedIcoupon_usedDcoupon_usedAcoupon_usedYcoupon_used,35,4.0,True
1060,5728,2025-11-04 15:05:00,USA,San Francisco,Sports,AirPods Pro Charging Cable,1057.11,Pending,9,coupon_used,46,3.5,False
1061,6280,2025-11-05 17:25:00,France,Marseille,Electronics,iPhone 14 Silicone Case Screen Protector,362.66,Refunded,10,coupon_usedWcoupon_usedEcoupon_usedLcoupon_usedCcoupon_usedOcoupon_usedMcoupon_usedEcoupon_used1coupon_used0coupon_used,66,4.3,False
1062,9502,2025-11-06 18:35:00,USA,San Francisco,Home,Nike Shoes Running Socks,1495.49,Pending,8,coupon_usedWcoupon_usedEcoupon_usedLcoupon_usedCcoupon_usedOcoupon_usedMcoupon_usedEcoupon_used1coupon_used0coupon_used,48,4.3,False
1063,2713,2025-11-07 10:25:00,Germany,Hamburg,Sports,Blender Recipe Book,450.12,Pending,9,coupon_usedWcoupon_usedEcoupon_usedLcoupon_usedCcoupon_usedOcoupon_usedMcoupon_usedEcoupon_used1coupon_used0coupon_used,47,3.5,False
1064,7622,2025-11-08 16:05:00,Germany,Berlin,Sports,Blender Recipe Book,104.95,Refunded,6,coupon_used,58,4.5,False
1065,9998,2025-11-09 10:25:00,USA,San Francisco,Sports,Blender Recipe Book,204.1,Refunded,10,coupon_usedBcoupon_usedLcoupon_usedAcoupon_usedCcoupon_usedKcoupon_usedFcoupon_usedRcoupon_usedIcoupon_usedDcoupon_usedAcoupon_usedYcoupon_used,63,4.0,False
1066,7684,2025-11-10 09:15:00,Israel,Haifa,Electronics,Blender Recipe Book,1421.91,Refunded,3,coupon_used,63,4.3,False
1067,8905,2025-11-11 15:15:00,Germany,Munich,Sports,Nike Shoes Running Socks,590.79,Refunded,9,coupon_usedBcoupon_usedLcoupon_usedAcoupon_usedCcoupon_usedKcoupon_usedFcoupon_usedRcoupon_usedIcoupon_usedDcoupon_usedAcoupon_usedYcoupon_used,22,4.3,False
1068,9318,2025-11-12 12:05:00,France,Lyon,Home,AirPods Pro Charging Cable,1260.28,Refunded,8,coupon_usedBcoupon_usedLcoupon_usedAcoupon_usedCcoupon_usedKcoupon_usedFcoupon_usedRcoupon_usedIcoupon_usedDcoupon_usedAcoupon_usedYcoupon_used,46,5.0,False
1069,9903,2025-11-13 14:35:00,Germany,Hamburg,Home,Nike Shoes Running Socks,1471.64,Paid,10,coupon_used,32,4.5,True
1070,7246,2025-11-14 14:15:00,France,Marseille,Sports,iPhone 14 Silicone Case Screen Protector,211.21,Refunded,6,coupon_usedWcoupon_usedEcoupon_usedLcoupon_usedCcoupon_usedOcoupon_usedMcoupon_usedEcoupon_used1coupon_used0coupon_used,46,3.5,False
1071,3361,2025-11-15 14:15:00,France,Paris,Electronics,Blender Recipe Book,1177.75,Pending,6,coupon_used,59,3.5,False
1072,8994,2025-11-16 16:05:00,France,Lyon,Electronics,Nike Shoes Running Socks,955.96,Pending,4,coupon_usedWcoupon_usedEcoupon_usedLcoupon_usedCcoupon_usedOcoupon_usedMcoupon_usedEcoupon_used1coupon_used0coupon_used,45,3.5,False
1073,3725,2025-11-17 19:25:00,Israel,Jerusalem,Electronics,iPhone 14 Silicone Case Screen Protector,503.45,Paid,5,coupon_usedScoupon_usedUcoupon_usedMcoupon_usedMcoupon_usedEcoupon_usedRcoupon_used1coupon_used5coupon_used,41,4.5,False
1074,3950,2025-11-18 10:15:00,France,Marseille,Electronics,Blender Recipe Book,939.07,Paid,8,coupon_usedBcoupon_usedLcoupon_usedAcoupon_usedCcoupon_usedKcoupon_usedFcoupon_usedRcoupon_usedIcoupon_usedDcoupon_usedAcoupon_usedYcoupon_used,32,4.5,False
1075,1153,2025-11-19 20:35:00,France,Lyon,Home,Nike Shoes Running Socks,133.95,Pending,10,coupon_usedScoupon_usedUcoupon_usedMcoupon_usedMcoupon_usedEcoupon_usedRcoupon_used1coupon_used5coupon_used,58,4.5,False
1076,4263,2025-11-20 14:35:00,France,Lyon,Electronics,Nike Shoes Running Socks,587.51,Pending,10,coupon_usedScoupon_usedUcoupon_usedMcoupon_usedMcoupon_usedEcoupon_usedRcoupon_used1coupon_used5coupon_used,62,4.3,True
1077,1132,2025-11-21 17:05:00,France,Lyon,Sports,AirPods Pro Charging Cable,1169.22,Paid,10,coupon_usedScoupon_usedUcoupon_usedMcoupon_usedMcoupon_usedEcoupon_usedRcoupon_used1coupon_used5coupon_used,32,4.0,False
1078,2591,2025-11-22 18:05:00,USA,Chicago,Home,Blender Recipe Book,74.21,Pending,3,coupon_usedWcoupon_usedEcoupon_usedLcoupon_usedCcoupon_usedOcoupon_usedMcoupon_usedEcoupon_used1coupon_used0coupon_used,36,4.3,False
1079,3165,2025-11-23 20:45:00,USA,New York,Home,AirPods Pro Charging Cable,1249.95,Pending,8,coupon_usedScoupon_usedUcoupon_usedMcoupon_usedMcoupon_usedEcoupon_usedRcoupon_used1coupon_used5coupon_used,65,4.3,False
1080,3306,2025-11-24 20:15:00,France,Paris,Sports,AirPods Pro Charging Cable,158.2,Pending,1,coupon_usedScoupon_usedUcoupon_usedMcoupon_usedMcoupon_usedEcoupon_usedRcoupon_used1coupon_used5coupon_used,52,3.5,False
1081,7242,2025-11-25 18:25:00,Germany,Hamburg,Electronics,Nike Shoes Running Socks,720.43,Refunded,9,coupon_usedScoupon_usedUcoupon_usedMcoupon_usedMcoupon_usedEcoupon_usedRcoupon_used1coupon_used5coupon_used,57,4.0,False
1082,5951,2025-11-26 18:35:00,France,Marseille,Electronics,Nike Shoes Running Socks,91.89,Paid,5,coupon_used,25,3.5,False
1083,8432,2025-11-27 13:45:00,USA,San Francisco,Sports,Nike Shoes Running Socks,1330.99,Refunded,2,coupon_used,57,4.5,False
1084,7070,2025-11-28 11:35:00,Germany,Berlin,Sports,Nike Shoes Running Socks,1286.79,Paid,6,coupon_usedScoupon_usedUcoupon_usedMcoupon_usedMcoupon_usedEcoupon_usedRcoupon_used1coupon_used5coupon_used,21,4.5,False
1085,2501,2025-11-01 18:15:00,Israel,Jerusalem,Electronics,iPhone 14 Silicone Case Screen Protector,1185.52,Paid,3,coupon_usedBcoupon_usedLcoupon_usedAcoupon_usedCcoupon_usedKcoupon_usedFcoupon_usedRcoupon_usedIcoupon_usedDcoupon_usedAcoupon_usedYcoupon_used,22,5.0,False
1086,6383,2025-11-02 20:15:00,USA,New York,Electronics,AirPods Pro Charging Cable,1291.15,Paid,3,coupon_usedScoupon_usedUcoupon_usedMcoupon_usedMcoupon_usedEcoupon_usedRcoupon_used1coupon_used5coupon_used,69,4.0,True
1087,1243,2025-11-03 13:15:00,Israel,Tel Aviv,Home,iPhone 14 Silicone Case Screen Protector,282.01,Paid,3,coupon_used,51,3.5,False
1088,6931,2025-11-04 16:45:00,France,Lyon,Electronics,Blender Recipe Book,768.16,Refunded,1,coupon_usedScoupon_usedUcoupon_usedMcoupon_usedMcoupon_usedEcoupon_usedRcoupon_used1coupon_used5coupon_used,47,3.5,True
1089,7984,2025-11-05 18:05:00,France,Lyon,Sports,Blender Recipe Book,133.4,Paid,6,coupon_usedBcoupon_usedLcoupon_usedAcoupon_usedCcoupon_usedKcoupon_usedFcoupon_usedRcoupon_usedIcoupon_usedDcoupon_usedAcoupon_usedYcoupon_used,22,4.0,False
1090,9692,2025-11-06 12:35:00,Germany,Munich,Sports,iPhone 14 Silicone Case Screen Protector,1194.82,Paid,9,coupon_usedBcoupon_usedLcoupon_usedAcoupon_usedCcoupon_usedKcoupon_usedFcoupon_usedRcoupon_usedIcoupon_usedDcoupon_usedAcoupon_usedYcoupon_used,45,4.5,False
1091,8430,2025-11-07 14:35:00,France,Lyon,Electronics,AirPods Pro Charging Cable,654.48,Refunded,5,coupon_usedScoupon_usedUcoupon_usedMcoupon_usedMcoupon_usedEcoupon_usedRcoupon_used1coupon_used5coupon_used,27,4.5,True
1092,8075,2025-11-08 09:25:00,Israel,Tel Aviv,Fashion,iPhone 14 Silicone Case Screen Protector,890.04,Refunded,9,coupon_usedScoupon_usedUcoupon_usedMcoupon_usedMcoupon_usedEcoupon_usedRcoupon_used1coupon_used5coupon_used,60,3.5,False
1093,1842,2025-11-09 12:45:00,France,Marseille,Home,AirPods Pro Charging Cable,177.81,Refunded,4,coupon_usedBcoupon_usedLcoupon_usedAcoupon_usedCcoupon_usedKcoupon_usedFcoupon_usedRcoupon_usedIcoupon_usedDcoupon_usedAcoupon_usedYcoupon_used,60,4.5,False
1094,7022,2025-11-10 09:25:00,Israel,Jerusalem,Fashion,Blender Recipe Book,1271.6,Refunded,10,coupon_usedWcoupon_usedEcoupon_usedLcoupon_usedCcoupon_usedOcoupon_usedMcoupon_usedEcoupon_used1coupon_used0coupon_used,56,4.3,True
1095,6062,2025-11-11 13:25:00,Germany,Hamburg,Electronics,Nike Shoes Running Socks,1308.05,Refunded,7,coupon_usedWcoupon_usedEcoupon_usedLcoupon_usedCcoupon_usedOcoupon_usedMcoupon_usedEcoupon_used1coupon_used0coupon_used,27,3.5,True
1096,7878,2025-11-12 15:25:00,USA,San Francisco,Fashion,AirPods Pro Charging Cable,484.67,Pending,10,coupon_usedWcoupon_usedEcoupon_usedLcoupon_usedCcoupon_usedOcoupon_usedMcoupon_usedEcoupon_used1coupon_used0coupon_used,21,4.0,False
1097,2336,2025-11-13 12:35:00,Israel,Haifa,Sports,Blender Recipe Book,920.44,Pending,5,coupon_usedBcoupon_usedLcoupon_usedAcoupon_usedCcoupon_usedKcoupon_usedFcoupon_usedRcoupon_usedIcoupon_usedDcoupon_usedAcoupon_usedYcoupon_used,66,5.0,True
1098,5640,2025-11-14 18:45:00,France,Paris,Sports,AirPods Pro Charging Cable,91.99,Pending,10,coupon_usedWcoupon_usedEcoupon_usedLcoupon_usedCcoupon_usedOcoupon_usedMcoupon_usedEcoupon_used1coupon_used0coupon_used,18,4.0,False
1099,5186,2025-11-15 12:25:00,USA,New York,Electronics,iPhone 14 Silicone Case Screen Protector,758.64,Pending,3,coupon_usedBcoupon_usedLcoupon_usedAcoupon_usedCcoupon_usedKcoupon_usedFcoupon_usedRcoupon_usedIcoupon_usedDcoupon_usedAcoupon_usedYcoupon_used,42,5.0,False
1100,7505,2025-11-16 19:05:00,Germany,Berlin,Sports,iPhone 14 Silicone Case Screen Protector,703.14,Paid,6,coupon_used,54,4.5,False
1101,2887,2025-11-17 14:05:00,France,Lyon,Home,Nike Shoes Running Socks,1206.95,Refunded,8,coupon_usedScoupon_usedUcoupon_usedMcoupon_usedMcoupon_usedEcoupon_usedRcoupon_used1coupon_used5coupon_used,23,4.5,False
1102,7560,2025-11-18 16:05:00,USA,San Francisco,Sports,AirPods Pro Charging Cable,1125.06,Paid,6,coupon_usedBcoupon_usedLcoupon_usedAcoupon_usedCcoupon_usedKcoupon_usedFcoupon_usedRcoupon_usedIcoupon_usedDcoupon_usedAcoupon_usedYcoupon_used,22,5.0,False
1103,6752,2025-11-19 19:15:00,USA,San Francisco,Fashion,iPhone 14 Silicone Case Screen Protector,241.01,Paid,3,coupon_usedBcoupon_usedLcoupon_usedAcoupon_usedCcoupon_usedKcoupon_usedFcoupon_usedRcoupon_usedIcoupon_usedDcoupon_usedAcoupon_usedYcoupon_used,66,3.5,False
1104,8354,2025-11-20 18:45:00,France,Lyon,Home,AirPods Pro Charging Cable,247.66,Paid,8,coupon_used,58,4.3,False
1105,9312,2025-11-21 09:25:00,Israel,Jerusalem,Sports,Blender Recipe Book,80.47,Pending,5,coupon_usedWcoupon_usedEcoupon_usedLcoupon_usedCcoupon_usedOcoupon_usedMcoupon_usedEcoupon_used1coupon_used0coupon_used,59,3.5,False
1106,1672,2025-11-22 15:45:00,France,Lyon,Fashion,AirPods Pro Charging Cable,917.38,Refunded,3,coupon_usedWcoupon_usedEcoupon_usedLcoupon_usedCcoupon_usedOcoupon_usedMcoupon_usedEcoupon_used1coupon_used0coupon_used,46,3.5,False
1107,2381,2025-11-23 16:15:00,Germany,Hamburg,Electronics,Nike Shoes Running Socks,1068.74,Pending,9,coupon_usedBcoupon_usedLcoupon_usedAcoupon_usedCcoupon_usedKcoupon_usedFcoupon_usedRcoupon_usedIcoupon_usedDcoupon_usedAcoupon_usedYcoupon_used,41,4.3,False
1108,6543,2025-11-24 18:45:00,France,Lyon,Electronics,AirPods Pro Charging Cable,122.22,Paid,9,coupon_used,36,4.3,False
1109,2335,2025-11-25 17:15:00,USA,San Francisco,Home,AirPods Pro Charging Cable,1452.35,Refunded,7,coupon_usedBcoupon_usedLcoupon_usedAcoupon_usedCcoupon_usedKcoupon_usedFcoupon_usedRcoupon_usedIcoupon_usedDcoupon_usedAcoupon_usedYcoupon_used,56,3.5,False
1110,6381,2025-11-26 10:45:00,France,Marseille,Electronics,Blender Recipe Book,775.02,Paid,6,coupon_usedScoupon_usedUcoupon_usedMcoupon_usedMcoupon_usedEcoupon_usedRcoupon_used1coupon_used5coupon_used,29,4.0,False
1111,4711,2025-11-27 10:15:00,France,Paris,Electronics,AirPods Pro Charging Cable,1270.53,Paid,9,coupon_usedWcoupon_usedEcoupon_usedLcoupon_usedCcoupon_usedOcoupon_usedMcoupon_usedEcoupon_used1coupon_used0coupon_used,60,4.3,False
1112,7172,2025-11-28 10:15:00,USA,Chicago,Fashion,Nike Shoes Running Socks,1088.74,Paid,7,coupon_usedScoupon_usedUcoupon_usedMcoupon_usedMcoupon_usedEcoupon_usedRcoupon_used1coupon_used5coupon_used,61,4.0,False
1113,8355,2025-11-01 11:45:00,Germany,Hamburg,Fashion,AirPods Pro Charging Cable,1449.26,Pending,4,coupon_usedScoupon_usedUcoupon_usedMcoupon_usedMcoupon_usedEcoupon_usedRcoupon_used1coupon_used5coupon_used,61,5.0,False
1114,7256,2025-11-02 16:45:00,France,Lyon,Sports,Nike Shoes Running Socks,1229.91,Refunded,3,coupon_usedScoupon_usedUcoupon_usedMcoupon_usedMcoupon_usedEcoupon_usedRcoupon_used1coupon_used5coupon_used,21,4.5,False
1115,9452,2025-11-03 09:25:00,Israel,Haifa,Electronics,Nike Shoes Running Socks,427.37,Refunded,3,coupon_used,23,4.0,False
1116,7797,2025-11-04 08:35:00,Germany,Berlin,Home,Nike Shoes Running Socks,594.6,Paid,6,coupon_usedBcoupon_usedLcoupon_usedAcoupon_usedCcoupon_usedKcoupon_usedFcoupon_usedRcoupon_usedIcoupon_usedDcoupon_usedAcoupon_usedYcoupon_used,19,4.3,False
1117,3254,2025-11-05 08:25:00,Germany,Berlin,Sports,Nike Shoes Running Socks,1144.29,Pending,8,coupon_usedWcoupon_usedEcoupon_usedLcoupon_usedCcoupon_usedOcoupon_usedMcoupon_usedEcoupon_used1coupon_used0coupon_used,23,3.5,False
1118,9647,2025-11-06 14:05:00,USA,Chicago,Home,Nike Shoes Running Socks,469.2,Paid,4,coupon_used,58,5.0,False
1119,9782,2025-11-07 08:45:00,Israel,Jerusalem,Fashion,Nike Shoes Running Socks,454.63,Paid,10,coupon_usedScoupon_usedUcoupon_usedMcoupon_usedMcoupon_usedEcoupon_usedRcoupon_used1coupon_used5coupon_used,33,5.0,False
1120,6908,2025-11-08 09:45:00,Israel,Haifa,Electronics,Blender Recipe Book,1313.16,Paid,7,coupon_usedScoupon_usedUcoupon_usedMcoupon_usedMcoupon_usedEcoupon_usedRcoupon_used1coupon_used5coupon_used,34,3.5,False
1121,4950,2025-11-09 19:05:00,Israel,Jerusalem,Home,Nike Shoes Running Socks,90.4,Refunded,6,coupon_usedBcoupon_usedLcoupon_usedAcoupon_usedCcoupon_usedKcoupon_usedFcoupon_usedRcoupon_usedIcoupon_usedDcoupon_usedAcoupon_usedYcoupon_used,67,4.5,False
1122,3986,2025-11-10 20:15:00,France,Marseille,Electronics,Blender Recipe Book,79.55,Paid,1,coupon_usedBcoupon_usedLcoupon_usedAcoupon_usedCcoupon_usedKcoupon_usedFcoupon_usedRcoupon_usedIcoupon_usedDcoupon_usedAcoupon_usedYcoupon_used,20,4.3,False
1123,8756,2025-11-11 12:05:00,France,Marseille,Fashion,AirPods Pro Charging Cable,551.54,Paid,6,coupon_usedScoupon_usedUcoupon_usedMcoupon_usedMcoupon_usedEcoupon_usedRcoupon_used1coupon_used5coupon_used,25,4.3,False
1124,8204,2025-11-12 14:25:00,France,Marseille,Fashion,Blender Recipe Book,1045.8,Pending,9,coupon_usedScoupon_usedUcoupon_usedMcoupon_usedMcoupon_usedEcoupon_usedRcoupon_used1coupon_used5coupon_used,69,3.5,False
1125,3956,2025-11-13 16:25:00,Israel,Jerusalem,Home,iPhone 14 Silicone Case Screen Protector,143.1,Refunded,5,coupon_usedScoupon_usedUcoupon_usedMcoupon_usedMcoupon_usedEcoupon_usedRcoupon_used1coupon_used5coupon_used,46,5.0,False
1126,8272,2025-11-14 13:35:00,USA,Chicago,Electronics,AirPods Pro Charging Cable,931.91,Pending,5,coupon_usedWcoupon_usedEcoupon_usedLcoupon_usedCcoupon_usedOcoupon_usedMcoupon_usedEcoupon_used1coupon_used0coupon_used,22,4.5,False
1127,3339,2025-11-15 17:35:00,USA,New York,Electronics,Nike Shoes Running Socks,124.17,Refunded,6,coupon_usedScoupon_usedUcoupon_usedMcoupon_usedMcoupon_usedEcoupon_usedRcoupon_used1coupon_used5coupon_used,42,5.0,True
1128,8371,2025-11-16 13:25:00,USA,Chicago,Sports,iPhone 14 Silicone Case Screen Protector,871.53,Refunded,6,coupon_used,38,4.3,False
1129,4048,2025-11-17 15:45:00,Israel,Tel Aviv,Sports,iPhone 14 Silicone Case Screen Protector,411.12,Pending,8,coupon_usedBcoupon_usedLcoupon_usedAcoupon_usedCcoupon_usedKcoupon_usedFcoupon_usedRcoupon_usedIcoupon_usedDcoupon_usedAcoupon_usedYcoupon_used,57,4.3,False
1130,3009,2025-11-18 10:05:00,France,Paris,Sports,Nike Shoes Running Socks,1350.55,Pending,2,coupon_usedScoupon_usedUcoupon_usedMcoupon_usedMcoupon_usedEcoupon_usedRcoupon_used1coupon_used5coupon_used,60,4.3,False
1131,3580,2025-11-19 19:15:00,Germany,Munich,Home,Nike Shoes Running Socks,204.01,Paid,3,coupon_usedBcoupon_usedLcoupon_usedAcoupon_usedCcoupon_usedKcoupon_usedFcoupon_usedRcoupon_usedIcoupon_usedDcoupon_usedAcoupon_usedYcoupon_used,68,4.5,True
1132,3126,2025-11-20 17:05:00,Germany,Munich,Electronics,AirPods Pro Charging Cable,612.29,Refunded,8,coupon_used,67,4.5,False
1133,6194,2025-11-21 18:05:00,Israel,Tel Aviv,Sports,Blender Recipe Book,1028.16,Pending,3,coupon_usedBcoupon_usedLcoupon_usedAcoupon_usedCcoupon_usedKcoupon_usedFcoupon_usedRcoupon_usedIcoupon_usedDcoupon_usedAcoupon_usedYcoupon_used,67,4.0,False
1134,9488,2025-11-22 10:25:00,Israel,Tel Aviv,Fashion,Nike Shoes Running Socks,500.92,Refunded,4,coupon_usedScoupon_usedUcoupon_usedMcoupon_usedMcoupon_usedEcoupon_usedRcoupon_used1coupon_used5coupon_used,51,4.3,False
1135,5496,2025-11-23 10:25:00,Germany,Berlin,Electronics,Nike Shoes Running Socks,897.92,Refunded,3,coupon_usedBcoupon_usedLcoupon_usedAcoupon_usedCcoupon_usedKcoupon_usedFcoupon_usedRcoupon_usedIcoupon_usedDcoupon_usedAcoupon_usedYcoupon_used,60,5.0,False
1136,1674,2025-11-24 08:05:00,Germany,Hamburg,Electronics,AirPods Pro Charging Cable,985.42,Refunded,7,coupon_usedWcoupon_usedEcoupon_usedLcoupon_usedCcoupon_usedOcoupon_usedMcoupon_usedEcoupon_used1coupon_used0coupon_used,49,5.0,False
1137,5012,2025-11-25 20:35:00,Germany,Munich,Home,Blender Recipe Book,132.64,Paid,3,coupon_used,44,4.5,False
1138,3353,2025-11-26 13:25:00,Germany,Hamburg,Home,Blender Recipe Book,217.88,Pending,9,coupon_usedWcoupon_usedEcoupon_usedLcoupon_usedCcoupon_usedOcoupon_usedMcoupon_usedEcoupon_used1coupon_used0coupon_used,38,4.0,False
1139,5061,2025-11-27 10:05:00,Germany,Munich,Electronics,AirPods Pro Charging Cable,1419.44,Refunded,7,coupon_usedBcoupon_usedLcoupon_usedAcoupon_usedCcoupon_usedKcoupon_usedFcoupon_usedRcoupon_usedIcoupon_usedDcoupon_usedAcoupon_usedYcoupon_used,28,4.3,False
1140,3610,2025-11-28 15:45:00,Germany,Berlin,Sports,Blender Recipe Book,1321.64,Pending,1,coupon_usedWcoupon_usedEcoupon_usedLcoupon_usedCcoupon_usedOcoupon_usedMcoupon_usedEcoupon_used1coupon_used0coupon_used,43,5.0,False
1141,6781,2025-11-01 08:05:00,USA,New York,Home,Blender Recipe Book,906.34,Refunded,8,coupon_usedScoupon_usedUcoupon_usedMcoupon_usedMcoupon_usedEcoupon_usedRcoupon_used1coupon_used5coupon_used,52,3.5,False
1142,5333,2025-11-02 19:25:00,France,Paris,Sports,AirPods Pro Charging Cable,91.73,Paid,10,coupon_usedBcoupon_usedLcoupon_usedAcoupon_usedCcoupon_usedKcoupon_usedFcoupon_usedRcoupon_usedIcoupon_usedDcoupon_usedAcoupon_usedYcoupon_used,41,5.0,False
1143,8378,2025-11-03 20:45:00,France,Marseille,Home,iPhone 14 Silicone Case Screen Protector,214.78,Paid,7,coupon_usedScoupon_usedUcoupon_usedMcoupon_usedMcoupon_usedEcoupon_usedRcoupon_used1coupon_used5coupon_used,68,4.3,False
1144,4261,2025-11-04 17:45:00,Germany,Berlin,Sports,iPhone 14 Silicone Case Screen Protector,91.82,Paid,6,coupon_used,51,4.5,False
1145,6218,2025-11-05 10:35:00,USA,San Francisco,Home,AirPods Pro Charging Cable,773.29,Refunded,9,coupon_used,63,5.0,False
1146,6427,2025-11-06 18:05:00,Israel,Jerusalem,Sports,AirPods Pro Charging Cable,1200.21,Refunded,1,coupon_used,34,5.0,False
1147,8871,2025-11-07 10:45:00,Israel,Haifa,Sports,Nike Shoes Running Socks,1236.95,Paid,1,coupon_usedWcoupon_usedEcoupon_usedLcoupon_usedCcoupon_usedOcoupon_usedMcoupon_usedEcoupon_used1coupon_used0coupon_used,30,3.5,False
1148,7765,2025-11-08 19:15:00,France,Paris,Sports,Blender Recipe Book,1312.41,Refunded,1,coupon_usedBcoupon_usedLcoupon_usedAcoupon_usedCcoupon_usedKcoupon_usedFcoupon_usedRcoupon_usedIcoupon_usedDcoupon_usedAcoupon_usedYcoupon_used,51,4.0,False
1149,7173,2025-11-09 13:15:00,France,Marseille,Sports,AirPods Pro Charging Cable,830.75,Refunded,5,coupon_used,30,4.0,False
1150,5876,2025-11-10 20:25:00,Germany,Berlin,Fashion,Blender Recipe Book,492.64,Pending,9,coupon_usedScoupon_usedUcoupon_usedMcoupon_usedMcoupon_usedEcoupon_usedRcoupon_used1coupon_used5coupon_used,36,3.5,False
1151,6654,2025-11-11 20:15:00,France,Lyon,Home,iPhone 14 Silicone Case Screen Protector,449.25,Refunded,2,coupon_usedScoupon_usedUcoupon_usedMcoupon_usedMcoupon_usedEcoupon_usedRcoupon_used1coupon_used5coupon_used,46,4.3,False
1152,9824,2025-11-12 12:45:00,USA,New York,Home,Nike Shoes Running Socks,186.11,Refunded,10,coupon_usedBcoupon_usedLcoupon_usedAcoupon_usedCcoupon_usedKcoupon_usedFcoupon_usedRcoupon_usedIcoupon_usedDcoupon_usedAcoupon_usedYcoupon_used,33,3.5,False
1153,4814,2025-11-13 08:05:00,USA,Chicago,Sports,AirPods Pro Charging Cable,1083.1,Paid,3,coupon_usedWcoupon_usedEcoupon_usedLcoupon_usedCcoupon_usedOcoupon_usedMcoupon_usedEcoupon_used1coupon_used0coupon_used,53,4.0,False
1154,4267,2025-11-14 20:25:00,France,Lyon,Home,AirPods Pro Charging Cable,977.7,Paid,10,coupon_usedBcoupon_usedLcoupon_usedAcoupon_usedCcoupon_usedKcoupon_usedFcoupon_usedRcoupon_usedIcoupon_usedDcoupon_usedAcoupon_usedYcoupon_used,52,3.5,False
1155,3880,2025-11-15 08:35:00,USA,San Francisco,Sports,Nike Shoes Running Socks,1406.5,Pending,1,coupon_usedWcoupon_usedEcoupon_usedLcoupon_usedCcoupon_usedOcoupon_usedMcoupon_usedEcoupon_used1coupon_used0coupon_used,37,5.0,False
1156,8444,2025-11-16 18:45:00,Germany,Munich,Sports,Nike Shoes Running Socks,1280.31,Pending,5,coupon_usedBcoupon_usedLcoupon_usedAcoupon_usedCcoupon_usedKcoupon_usedFcoupon_usedRcoupon_usedIcoupon_usedDcoupon_usedAcoupon_usedYcoupon_used,69,3.5,False
1157,5215,2025-11-17 19:15:00,France,Marseille,Electronics,AirPods Pro Charging Cable,1191.38,Refunded,4,coupon_usedBcoupon_usedLcoupon_usedAcoupon_usedCcoupon_usedKcoupon_usedFcoupon_usedRcoupon_usedIcoupon_usedDcoupon_usedAcoupon_usedYcoupon_used,57,4.5,False
1158,7567,2025-11-18 18:05:00,Germany,Berlin,Fashion,Nike Shoes Running Socks,729.24,Paid,1,coupon_usedScoupon_usedUcoupon_usedMcoupon_usedMcoupon_usedEcoupon_usedRcoupon_used1coupon_used5coupon_used,42,4.0,False
1159,5947,2025-11-19 17:45:00,Germany,Munich,Electronics,AirPods Pro Charging Cable,989.18,Refunded,4,coupon_usedWcoupon_usedEcoupon_usedLcoupon_usedCcoupon_usedOcoupon_usedMcoupon_usedEcoupon_used1coupon_used0coupon_used,60,3.5,False
1160,9233,2025-11-20 19:25:00,USA,San Francisco,Electronics,AirPods Pro Charging Cable,567.13,Paid,4,coupon_usedBcoupon_usedLcoupon_usedAcoupon_usedCcoupon_usedKcoupon_usedFcoupon_usedRcoupon_usedIcoupon_usedDcoupon_usedAcoupon_usedYcoupon_used,48,4.0,False
1161,9998,2025-11-21 15:45:00,Germany,Munich,Fashion,Nike Shoes Running Socks,1028.5,Refunded,2,coupon_used,51,4.3,True
1162,9972,2025-11-22 16:15:00,Israel,Tel Aviv,Fashion,Nike Shoes Running Socks,508.97,Refunded,8,coupon_usedWcoupon_usedEcoupon_usedLcoupon_usedCcoupon_usedOcoupon_usedMcoupon_usedEcoupon_used1coupon_used0coupon_used,61,4.0,False
1163,9361,2025-11-23 15:05:00,France,Paris,Sports,Nike Shoes Running Socks,782.04,Pending,10,coupon_usedWcoupon_usedEcoupon_usedLcoupon_usedCcoupon_usedOcoupon_usedMcoupon_usedEcoupon_used1coupon_used0coupon_used,53,4.5,False
1164,1356,2025-11-24 14:25:00,Germany,Hamburg,Electronics,Nike Shoes Running Socks,878.01,Paid,7,coupon_usedScoupon_usedUcoupon_usedMcoupon_usedMcoupon_usedEcoupon_usedRcoupon_used1coupon_used5coupon_used,62,3.5,False
1165,8734,2025-11-25 08:25:00,Israel,Tel Aviv,Sports,Nike Shoes Running Socks,1159.23,Refunded,7,coupon_usedScoupon_usedUcoupon_usedMcoupon_usedMcoupon_usedEcoupon_usedRcoupon_used1coupon_used5coupon_used,42,4.5,False
1166,2314,2025-11-26 18:45:00,France,Lyon,Fashion,AirPods Pro Charging Cable,199.98,Refunded,7,coupon_usedBcoupon_usedLcoupon_usedAcoupon_usedCcoupon_usedKcoupon_usedFcoupon_usedRcoupon_usedIcoupon_usedDcoupon_usedAcoupon_usedYcoupon_used,64,4.0,False
1167,8585,2025-11-27 18:45:00,Israel,Jerusalem,Sports,Blender Recipe Book,1239.46,Paid,8,coupon_usedScoupon_usedUcoupon_usedMcoupon_usedMcoupon_usedEcoupon_usedRcoupon_used1coupon_used5coupon_used,27,4.3,False
1168,7868,2025-11-28 17:05:00,Israel,Tel Aviv,Fashion,Nike Shoes Running Socks,124.25,Refunded,1,coupon_used,56,3.5,False
1169,8191,2025-11-01 11:45:00,Israel,Jerusalem,Fashion,iPhone 14 Silicone Case Screen Protector,231.7,Pending,4,coupon_usedScoupon_usedUcoupon_usedMcoupon_usedMcoupon_usedEcoupon_usedRcoupon_used1coupon_used5coupon_used,54,5.0,False
1170,5944,2025-11-02 10:45:00,Germany,Berlin,Fashion,Blender Recipe Book,468.24,Paid,9,coupon_usedBcoupon_usedLcoupon_usedAcoupon_usedCcoupon_usedKcoupon_usedFcoupon_usedRcoupon_usedIcoupon_usedDcoupon_usedAcoupon_usedYcoupon_used,58,4.5,False
1171,7244,2025-11-03 20:45:00,Israel,Jerusalem,Home,Blender Recipe Book,627.18,Pending,7,coupon_usedBcoupon_usedLcoupon_usedAcoupon_usedCcoupon_usedKcoupon_usedFcoupon_usedRcoupon_usedIcoupon_usedDcoupon_usedAcoupon_usedYcoupon_used,66,5.0,False
1172,3365,2025-11-04 20:35:00,USA,San Francisco,Electronics,Blender Recipe Book,1452.48,Refunded,9,coupon_usedBcoupon_usedLcoupon_usedAcoupon_usedCcoupon_usedKcoupon_usedFcoupon_usedRcoupon_usedIcoupon_usedDcoupon_usedAcoupon_usedYcoupon_used,42,4.0,False
1173,2295,2025-11-05 15:25:00,Germany,Hamburg,Electronics,Nike Shoes Running Socks,101.02,Pending,10,coupon_usedWcoupon_usedEcoupon_usedLcoupon_usedCcoupon_usedOcoupon_usedMcoupon_usedEcoupon_used1coupon_used0coupon_used,22,4.0,False
1174,4422,2025-11-06 13:25:00,USA,San Francisco,Electronics,Nike Shoes Running Socks,1407.31,Refunded,2,coupon_used,33,5.0,False
1175,6269,2025-11-07 20:25:00,France,Paris,Sports,Blender Recipe Book,812.13,Pending,5,coupon_usedScoupon_usedUcoupon_usedMcoupon_usedMcoupon_usedEcoupon_usedRcoupon_used1coupon_used5coupon_used,41,5.0,False
1176,8692,2025-11-08 20:25:00,France,Paris,Fashion,AirPods Pro Charging Cable,486.56,Paid,10,coupon_usedBcoupon_usedLcoupon_usedAcoupon_usedCcoupon_usedKcoupon_usedFcoupon_usedRcoupon_usedIcoupon_usedDcoupon_usedAcoupon_usedYcoupon_used,65,4.0,True
1177,3497,2025-11-09 11:25:00,France,Lyon,Fashion,Blender Recipe Book,865.44,Paid,8,coupon_usedScoupon_usedUcoupon_usedMcoupon_usedMcoupon_usedEcoupon_usedRcoupon_used1coupon_used5coupon_used,34,4.5,False
1178,3756,2025-11-10 19:25:00,France,Lyon,Fashion,Nike Shoes Running Socks,1087.46,Pending,3,coupon_usedWcoupon_usedEcoupon_usedLcoupon_usedCcoupon_usedOcoupon_usedMcoupon_usedEcoupon_used1coupon_used0coupon_used,51,3.5,False
1179,1794,2025-11-11 20:05:00,Israel,Haifa,Sports,Nike Shoes Running Socks,1267.75,Paid,2,coupon_usedBcoupon_usedLcoupon_usedAcoupon_usedCcoupon_usedKcoupon_usedFcoupon_usedRcoupon_usedIcoupon_usedDcoupon_usedAcoupon_usedYcoupon_used,18,4.0,False
1180,8916,2025-11-12 18:35:00,Germany,Berlin,Electronics,iPhone 14 Silicone Case Screen Protector,810.01,Pending,1,coupon_usedWcoupon_usedEcoupon_usedLcoupon_usedCcoupon_usedOcoupon_usedMcoupon_usedEcoupon_used1coupon_used0coupon_used,51,4.3,False
1181,9228,2025-11-13 19:35:00,Germany,Berlin,Fashion,iPhone 14 Silicone Case Screen Protector,1379.12,Refunded,3,coupon_usedBcoupon_usedLcoupon_usedAcoupon_usedCcoupon_usedKcoupon_usedFcoupon_usedRcoupon_usedIcoupon_usedDcoupon_usedAcoupon_usedYcoupon_used,30,5.0,False
1182,7502,2025-11-14 09:25:00,Germany,Munich,Sports,Blender Recipe Book,858.38,Refunded,4,coupon_usedScoupon_usedUcoupon_usedMcoupon_usedMcoupon_usedEcoupon_usedRcoupon_used1coupon_used5coupon_used,61,3.5,False
1183,7640,2025-11-15 14:35:00,Israel,Tel Aviv,Sports,iPhone 14 Silicone Case Screen Protector,964.2,Refunded,3,coupon_usedWcoupon_usedEcoupon_usedLcoupon_usedCcoupon_usedOcoupon_usedMcoupon_usedEcoupon_used1coupon_used0coupon_used,49,4.5,False
1184,2562,2025-11-16 16:05:00,Germany,Hamburg,Fashion,Nike Shoes Running Socks,1354.38,Refunded,10,coupon_used,35,3.5,False
1185,1539,2025-11-17 10:25:00,Germany,Hamburg,Electronics,Nike Shoes Running Socks,890.88,Refunded,7,coupon_usedWcoupon_usedEcoupon_usedLcoupon_usedCcoupon_usedOcoupon_usedMcoupon_usedEcoupon_used1coupon_used0coupon_used,37,4.0,False
1186,9856,2025-11-18 13:35:00,France,Marseille,Fashion,iPhone 14 Silicone Case Screen Protector,763.67,Pending,1,coupon_usedWcoupon_usedEcoupon_usedLcoupon_usedCcoupon_usedOcoupon_usedMcoupon_usedEcoupon_used1coupon_used0coupon_used,45,4.0,False
1187,7499,2025-11-19 20:25:00,Germany,Hamburg,Electronics,AirPods Pro Charging Cable,1180.73,Pending,8,coupon_usedBcoupon_usedLcoupon_usedAcoupon_usedCcoupon_usedKcoupon_usedFcoupon_usedRcoupon_usedIcoupon_usedDcoupon_usedAcoupon_usedYcoupon_used,40,5.0,False
1188,7227,2025-11-20 09:45:00,France,Paris,Home,Nike Shoes Running Socks,1076.84,Paid,5,coupon_usedBcoupon_usedLcoupon_usedAcoupon_usedCcoupon_usedKcoupon_usedFcoupon_usedRcoupon_usedIcoupon_usedDcoupon_usedAcoupon_usedYcoupon_used,42,4.0,False
1189,2745,2025-11-21 09:05:00,Germany,Munich,Home,Blender Recipe Book,555.88,Pending,2,coupon_usedBcoupon_usedLcoupon_usedAcoupon_usedCcoupon_usedKcoupon_usedFcoupon_usedRcoupon_usedIcoupon_usedDcoupon_usedAcoupon_usedYcoupon_used,23,4.0,False
1190,1430,2025-11-22 09:25:00,France,Paris,Electronics,AirPods Pro Charging Cable,1298.98,Paid,5,coupon_used,42,3.5,False
1191,9537,2025-11-23 10:35:00,USA,Chicago,Fashion,Nike Shoes Running Socks,421.66,Pending,8,coupon_usedBcoupon_usedLcoupon_usedAcoupon_usedCcoupon_usedKcoupon_usedFcoupon_usedRcoupon_usedIcoupon_usedDcoupon_usedAcoupon_usedYcoupon_used,22,4.0,False
1192,8933,2025-11-24 20:05:00,France,Lyon,Home,AirPods Pro Charging Cable,1417.73,Refunded,8,coupon_usedBcoupon_usedLcoupon_usedAcoupon_usedCcoupon_usedKcoupon_usedFcoupon_usedRcoupon_usedIcoupon_usedDcoupon_usedAcoupon_usedYcoupon_used,47,3.5,False
1193,6443,2025-11-25 17:35:00,Israel,Jerusalem,Home,Blender Recipe Book,518.74,Refunded,10,coupon_usedBcoupon_usedLcoupon_usedAcoupon_usedCcoupon_usedKcoupon_usedFcoupon_usedRcoupon_usedIcoupon_usedDcoupon_usedAcoupon_usedYcoupon_used,37,4.3,False
1194,6147,2025-11-26 10:35:00,USA,San Francisco,Home,AirPods Pro Charging Cable,1108.94,Refunded,8,coupon_usedBcoupon_usedLcoupon_usedAcoupon_usedCcoupon_usedKcoupon_usedFcoupon_usedRcoupon_usedIcoupon_usedDcoupon_usedAcoupon_usedYcoupon_used,38,4.5,False
1195,2865,2025-11-27 17:15:00,France,Lyon,Fashion,iPhone 14 Silicone Case Screen Protector,1430.68,Pending,4,coupon_used,69,4.3,False
1196,9180,2025-11-28 10:25:00,Israel,Jerusalem,Fashion,AirPods Pro Charging Cable,996.53,Refunded,7,coupon_used,22,4.5,False
1197,7566,2025-11-01 16:45:00,France,Marseille,Sports,iPhone 14 Silicone Case Screen Protector,1191.31,Pending,9,coupon_usedWcoupon_usedEcoupon_usedLcoupon_usedCcoupon_usedOcoupon_usedMcoupon_usedEcoupon_used1coupon_used0coupon_used,24,4.0,False
1198,1725,2025-11-02 17:35:00,Germany,Berlin,Home,Blender Recipe Book,181.27,Paid,5,coupon_usedBcoupon_usedLcoupon_usedAcoupon_usedCcoupon_usedKcoupon_usedFcoupon_usedRcoupon_usedIcoupon_usedDcoupon_usedAcoupon_usedYcoupon_used,50,5.0,False
1199,7129,2025-11-03 14:35:00,USA,San Francisco,Fashion,AirPods Pro Charging Cable,1496.61,Pending,2,coupon_usedScoupon_usedUcoupon_usedMcoupon_usedMcoupon_usedEcoupon_usedRcoupon_used1coupon_used5coupon_used,44,3.5,True
1200,6110,2025-11-04 13:35:00,USA,San Francisco,Fashion,Blender Recipe Book,538.74,Paid,8,coupon_used,38,3.5,False
